Diagnosed Diabetes; Total; Adults with Diabetes; Number; U.S. States
Data downloaded on 30-May-2019
Year,State,Number
1994,Alabama,102442
1994,Alaska,11447
1994,Arizona,101675
1994,Arkansas,95224
1994,California,855229
1994,Colorado,86862
1994,Connecticut,117490
1994,Delaware,28497
1994,District of Columbia,20112
1994,Florida,501861
1994,Georgia,213166
1994,Hawaii,33479
1994,Idaho,30815
1994,Illinois,445831
1994,Indiana,178121
1994,Iowa,83677
1994,Kansas,72409
1994,Kentucky,116118
1994,Louisiana,151085
1994,Maine,34114
1994,Maryland,179466
1994,Massachusetts,186082
1994,Michigan,318337
1994,Minnesota,125514
1994,Mississippi,104170
1994,Missouri,225215
1994,Montana,14666
1994,Nebraska,54605
1994,Nevada,33527
1994,New Hampshire,38525
1994,New Jersey,216322
1994,New Mexico,51565
1994,New York,526153
1994,North Carolina,216572
1994,North Dakota,16716
1994,Ohio,385042
1994,Oklahoma,66652
1994,Oregon,81851
1994,Pennsylvania,480816
1994,South Carolina,151930
1994,South Dakota,21788
1994,Tennessee,203391
1994,Texas,639864
1994,Utah,44021
1994,Vermont,16387
1994,Virginia,204796
1994,Washington,141339
1994,West Virginia,70832
1994,Wisconsin,123316
1994,Wyoming,11028
1994,Rhode Island,No Data
1994,Guam,No Data
1994,Puerto Rico,No Data
1994,Virgin Islands of the U.S.,No Data
1995,Alabama,148873
1995,Alaska,11000
1995,Arizona,141194
1995,Arkansas,94066
1995,California,1287480
1995,Colorado,95017
1995,Connecticut,105984
1995,Delaware,23287
1995,Florida,574306
1995,Georgia,191656
1995,Hawaii,28145
1995,Idaho,28539
1995,Illinois,468878
1995,Indiana,212515
1995,Iowa,112526
1995,Kansas,90421
1995,Kentucky,100737
1995,Louisiana,187416
1995,Maine,32331
1995,Maryland,153091
1995,Massachusetts,179347
1995,Michigan,371016
1995,Minnesota,102747
1995,Mississippi,120555
1995,Missouri,162456
1995,Montana,17778
1995,Nebraska,51917
1995,Nevada,55041
1995,New Hampshire,38052
1995,New Jersey,253701
1995,New Mexico,65754
1995,New York,571729
1995,North Carolina,243070
1995,North Dakota,17002
1995,Ohio,343091
1995,Oklahoma,70170
1995,Oregon,93664
1995,Pennsylvania,518178
1995,Rhode Island,34619
1995,South Carolina,130558
1995,South Dakota,15198
1995,Tennessee,202302
1995,Texas,686778
1995,Utah,45549
1995,Vermont,19485
1995,Virginia,190535
1995,Washington,122541
1995,West Virginia,64595
1995,Wisconsin,167215
1995,Wyoming,10696
1995,Guam,No Data
1995,Puerto Rico,No Data
1995,Virgin Islands of the U.S.,No Data
1995,District of Columbia,No Data
1996,Alabama,232518
1996,Alaska,14979
1996,Arizona,109866
1996,Arkansas,82994
1996,California,1203966
1996,Colorado,84709
1996,Connecticut,108532
1996,Delaware,28969
1996,District of Columbia,24283
1996,Florida,577081
1996,Georgia,221151
1996,Hawaii,41174
1996,Idaho,28599
1996,Illinois,505866
1996,Indiana,228746
1996,Iowa,88326
1996,Kansas,67337
1996,Kentucky,129540
1996,Louisiana,201206
1996,Maine,39449
1996,Maryland,195462
1996,Massachusetts,244404
1996,Michigan,402687
1996,Minnesota,151341
1996,Mississippi,118014
1996,Missouri,172883
1996,Montana,23604
1996,Nebraska,62333
1996,Nevada,48477
1996,New Hampshire,33689
1996,New Jersey,277462
1996,New Mexico,51786
1996,New York,499430
1996,North Carolina,240381
1996,North Dakota,14268
1996,Ohio,413751
1996,Oklahoma,90327
1996,Oregon,103799
1996,Pennsylvania,521812
1996,Rhode Island,34154
1996,South Carolina,145534
1996,South Dakota,22375
1996,Tennessee,199856
1996,Texas,507662
1996,Utah,41884
1996,Vermont,16983
1996,Virginia,276611
1996,Washington,137973
1996,West Virginia,81483
1996,Wisconsin,178562
1996,Wyoming,14190
1996,Puerto Rico,276952
1996,Guam,No Data
1996,Virgin Islands of the U.S.,No Data
1997,Alabama,219560
1997,Alaska,13960
1997,Arizona,102289
1997,Arkansas,95657
1997,California,1316792
1997,Colorado,111784
1997,Connecticut,129046
1997,Delaware,35176
1997,District of Columbia,18935
1997,Florida,645225
1997,Georgia,224051
1997,Hawaii,43810
1997,Idaho,34104
1997,Illinois,619930
1997,Indiana,221571
1997,Iowa,98490
1997,Kansas,56508
1997,Kentucky,153596
1997,Louisiana,170318
1997,Maine,45848
1997,Maryland,224888
1997,Massachusetts,220204
1997,Michigan,409396
1997,Minnesota,133133
1997,Mississippi,118722
1997,Missouri,188538
1997,Montana,20081
1997,Nebraska,50283
1997,Nevada,49009
1997,New Hampshire,34299
1997,New Jersey,313346
1997,New Mexico,60393
1997,New York,663573
1997,North Carolina,278010
1997,North Dakota,16538
1997,Ohio,393070
1997,Oklahoma,145237
1997,Oregon,113660
1997,Pennsylvania,464405
1997,Rhode Island,36172
1997,South Carolina,128741
1997,South Dakota,20165
1997,Tennessee,174415
1997,Texas,812409
1997,Utah,54147
1997,Vermont,20101
1997,Virginia,210239
1997,Washington,170311
1997,West Virginia,87836
1997,Wisconsin,179397
1997,Wyoming,10415
1997,Puerto Rico,270438
1997,Guam,No Data
1997,Virgin Islands of the U.S.,No Data
1998,Alabama,224501
1998,Alaska,12619
1998,Arizona,96581
1998,Arkansas,124029
1998,California,1300633
1998,Colorado,134075
1998,Connecticut,112967
1998,Delaware,24199
1998,District of Columbia,28973
1998,Florida,728942
1998,Georgia,330194
1998,Hawaii,49914
1998,Idaho,37105
1998,Illinois,545266
1998,Indiana,262196
1998,Iowa,110812
1998,Kansas,77429
1998,Kentucky,162408
1998,Louisiana,197786
1998,Maine,33495
1998,Maryland,207664
1998,Massachusetts,180967
1998,Michigan,505266
1998,Minnesota,163835
1998,Mississippi,149896
1998,Missouri,232280
1998,Montana,22876
1998,Nebraska,62687
1998,Nevada,57200
1998,New Hampshire,34132
1998,New Jersey,331107
1998,New Mexico,60787
1998,New York,826307
1998,North Carolina,363135
1998,North Dakota,19608
1998,Ohio,472160
1998,Oklahoma,191608
1998,Oregon,130002
1998,Pennsylvania,507995
1998,Rhode Island,45194
1998,South Carolina,159752
1998,South Dakota,16418
1998,Tennessee,241118
1998,Texas,778614
1998,Utah,59429
1998,Vermont,19410
1998,Virginia,228939
1998,Washington,206879
1998,West Virginia,86861
1998,Wisconsin,167428
1998,Wyoming,12659
1998,Puerto Rico,257150
1998,Guam,No Data
1998,Virgin Islands of the U.S.,No Data
1999,Alabama,240295
1999,Alaska,15146
1999,Arizona,148505
1999,Arkansas,125005
1999,California,1474331
1999,Colorado,114311
1999,Connecticut,108311
1999,Delaware,34051
1999,District of Columbia,26777
1999,Florida,801723
1999,Georgia,315196
1999,Hawaii,46533
1999,Idaho,41936
1999,Illinois,571045
1999,Indiana,288887
1999,Iowa,111676
1999,Kansas,104960
1999,Kentucky,188447
1999,Louisiana,191245
1999,Maine,50415
1999,Maryland,263837
1999,Massachusetts,236504
1999,Michigan,396440
1999,Minnesota,166479
1999,Mississippi,156780
1999,Missouri,243517
1999,Montana,38044
1999,Nebraska,52790
1999,Nevada,78055
1999,New Hampshire,36452
1999,New Jersey,333034
1999,New Mexico,67923
1999,New York,784852
1999,North Carolina,351397
1999,North Dakota,23192
1999,Ohio,508038
1999,Oklahoma,140771
1999,Oregon,114024
1999,Pennsylvania,579514
1999,Rhode Island,39794
1999,South Carolina,182996
1999,South Dakota,26306
1999,Tennessee,245187
1999,Texas,897368
1999,Utah,57497
1999,Vermont,18969
1999,Virginia,316362
1999,Washington,220949
1999,West Virginia,101243
1999,Wisconsin,205902
1999,Wyoming,15680
1999,Puerto Rico,262827
1999,Guam,No Data
1999,Virgin Islands of the U.S.,No Data
2000,Alabama,240517
2000,Alaska,16460
2000,Arizona,210776
2000,Arkansas,118510
2000,California,1664337
2000,Colorado,151738
2000,Connecticut,136006
2000,Delaware,36636
2000,District of Columbia,29419
2000,Florida,819663
2000,Georgia,393965
2000,Hawaii,46839
2000,Idaho,43475
2000,Illinois,560361
2000,Indiana,267325
2000,Iowa,130957
2000,Kansas,114546
2000,Kentucky,193395
2000,Louisiana,207366
2000,Maine,56181
2000,Maryland,252100
2000,Massachusetts,272401
2000,Michigan,514285
2000,Minnesota,172908
2000,Mississippi,151491
2000,Missouri,271376
2000,Montana,31395
2000,Nebraska,60354
2000,Nevada,96242
2000,New Hampshire,40222
2000,New Jersey,362253
2000,New Mexico,80490
2000,New York,867776
2000,North Carolina,375512
2000,North Dakota,24225
2000,Ohio,526165
2000,Oklahoma,136347
2000,Oregon,149589
2000,Pennsylvania,652297
2000,Rhode Island,45619
2000,South Carolina,205236
2000,South Dakota,29957
2000,Tennessee,301585
2000,Texas,902511
2000,Utah,74580
2000,Vermont,19734
2000,Virginia,322442
2000,Washington,237966
2000,West Virginia,104846
2000,Wisconsin,238020
2000,Wyoming,16760
2000,Puerto Rico,235163
2000,Guam,No Data
2000,Virgin Islands of the U.S.,No Data
2001,Alabama,320268
2001,Alaska,17748
2001,Arizona,230298
2001,Arkansas,155343
2001,California,1618772
2001,Colorado,150336
2001,Connecticut,161665
2001,Delaware,41857
2001,District of Columbia,37170
2001,Florida,1005251
2001,Georgia,420999
2001,Hawaii,56264
2001,Idaho,50078
2001,Illinois,617233
2001,Indiana,296212
2001,Iowa,124232
2001,Kansas,115070
2001,Kentucky,202676
2001,Louisiana,242769
2001,Maine,63983
2001,Maryland,272868
2001,Massachusetts,271515
2001,Michigan,532407
2001,Minnesota,158625
2001,Mississippi,189479
2001,Missouri,274442
2001,Montana,37053
2001,Nebraska,65430
2001,Nevada,87688
2001,New Hampshire,49944
2001,New Jersey,461508
2001,New Mexico,80448
2001,New York,946238
2001,North Carolina,411723
2001,North Dakota,23763
2001,Ohio,604007
2001,Oklahoma,198611
2001,Oregon,145938
2001,Pennsylvania,626367
2001,Rhode Island,52099
2001,South Carolina,240118
2001,South Dakota,33293
2001,Tennessee,336765
2001,Texas,1073042
2001,Utah,61736
2001,Vermont,23210
2001,Virginia,322086
2001,Washington,252470
2001,West Virginia,121898
2001,Wisconsin,223129
2001,Wyoming,15792
2001,Guam,9007
2001,Puerto Rico,273139
2001,Virgin Islands of the U.S.,5218
2002,Alabama,284630
2002,Alaska,15402
2002,Arizona,255497
2002,Arkansas,158802
2002,California,1890080
2002,Colorado,146619
2002,Connecticut,150827
2002,Delaware,42659
2002,District of Columbia,34715
2002,Florida,968984
2002,Georgia,437633
2002,Hawaii,52496
2002,Idaho,57913
2002,Illinois,630968
2002,Indiana,336425
2002,Iowa,143425
2002,Kansas,127032
2002,Kentucky,214769
2002,Louisiana,228506
2002,Maine,71883
2002,Maryland,273529
2002,Massachusetts,279973
2002,Michigan,584807
2002,Minnesota,179712
2002,Mississippi,178019
2002,Missouri,306296
2002,Montana,37067
2002,Nebraska,73517
2002,Nevada,100955
2002,New Hampshire,58768
2002,New Jersey,388829
2002,New Mexico,82219
2002,New York,1027837
2002,North Carolina,447571
2002,North Dakota,29274
2002,Ohio,645506
2002,Oklahoma,172837
2002,Oregon,163690
2002,Pennsylvania,747658
2002,Rhode Island,45524
2002,South Carolina,254935
2002,South Dakota,34810
2002,Tennessee,367694
2002,Texas,1082286
2002,Utah,68243
2002,Vermont,27507
2002,Virginia,340162
2002,Washington,259778
2002,West Virginia,142397
2002,Wisconsin,203389
2002,Wyoming,20540
2002,Guam,7940
2002,Puerto Rico,288421
2002,Virgin Islands of the U.S.,6619
2003,Alabama,293860
2003,Alaska,22964
2003,Arizona,256412
2003,Arkansas,149729
2003,California,1875353
2003,Colorado,161014
2003,Connecticut,154086
2003,Delaware,46519
2003,District of Columbia,37106
2003,Florida,1102740
2003,Georgia,491538
2003,Hawaii,72159
2003,Idaho,61455
2003,Illinois,686759
2003,Indiana,356756
2003,Iowa,148582
2003,Kansas,120926
2003,Kentucky,264368
2003,Louisiana,278864
2003,Maine,74512
2003,Maryland,283643
2003,Massachusetts,298879
2003,Michigan,590124
2003,Minnesota,208073
2003,Mississippi,230883
2003,Missouri,292297
2003,Montana,38094
2003,Nebraska,81480
2003,Nevada,103600
2003,New Hampshire,53927
2003,New Jersey,458727
2003,New Mexico,77516
2003,New York,1073906
2003,North Carolina,516148
2003,North Dakota,29151
2003,Ohio,757633
2003,Oklahoma,188772
2003,Oregon,168100
2003,Pennsylvania,758765
2003,Rhode Island,56013
2003,South Carolina,288884
2003,South Dakota,39931
2003,Tennessee,412594
2003,Texas,1273433
2003,Utah,86952
2003,Vermont,27478
2003,Virginia,398688
2003,Washington,303010
2003,West Virginia,137795
2003,Wisconsin,245823
2003,Wyoming,21847
2003,Guam,10866
2003,Puerto Rico,309905
2003,Virgin Islands of the U.S.,7103
2004,Alabama,276551
2004,Alaska,19060
2004,Arizona,274838
2004,Arkansas,145241
2004,California,1849994
2004,Colorado,147606
2004,Connecticut,157157
2004,Delaware,44361
2004,District of Columbia,37173
2004,Florida,1026751
2004,Georgia,468656
2004,Idaho,61531
2004,Illinois,567756
2004,Indiana,353343
2004,Iowa,143411
2004,Kansas,131398
2004,Kentucky,239624
2004,Louisiana,272372
2004,Maine,76565
2004,Maryland,292448
2004,Massachusetts,277208
2004,Michigan,576468
2004,Minnesota,192744
2004,Mississippi,203140
2004,Missouri,313679
2004,Montana,41583
2004,Nebraska,81807
2004,Nevada,108730
2004,New Hampshire,63870
2004,New Jersey,439925
2004,New Mexico,89941
2004,New York,1089576
2004,North Carolina,535085
2004,North Dakota,28384
2004,Ohio,670026
2004,Oklahoma,211684
2004,Oregon,178937
2004,Pennsylvania,742309
2004,Rhode Island,59755
2004,South Carolina,262931
2004,South Dakota,37330
2004,Tennessee,372386
2004,Texas,1230926
2004,Utah,82596
2004,Vermont,25653
2004,Virginia,396024
2004,Washington,294419
2004,West Virginia,155193
2004,Wisconsin,231811
2004,Wyoming,22561
2004,Puerto Rico,299308
2004,Virgin Islands of the U.S.,6357
2004,Guam,No Data
2004,Hawaii,No Data
2005,Alabama,331659
2005,Alaska,20431
2005,Arizona,311390
2005,Arkansas,167113
2005,California,1886718
2005,Colorado,164012
2005,Connecticut,171585
2005,Delaware,53876
2005,District of Columbia,31569
2005,Florida,1189301
2005,Georgia,545873
2005,Hawaii,71413
2005,Idaho,69321
2005,Illinois,752157
2005,Indiana,384102
2005,Iowa,153492
2005,Kansas,141033
2005,Kentucky,281368
2005,Louisiana,264552
2005,Maine,76173
2005,Maryland,298940
2005,Massachusetts,312627
2005,Michigan,614872
2005,Minnesota,222778
2005,Mississippi,206993
2005,Missouri,336105
2005,Montana,39759
2005,Nebraska,95701
2005,Nevada,124024
2005,New Hampshire,64350
2005,New Jersey,499657
2005,New Mexico,101121
2005,New York,1186575
2005,North Carolina,546192
2005,North Dakota,32172
2005,Ohio,661547
2005,Oklahoma,237337
2005,Oregon,184156
2005,Pennsylvania,776639
2005,Rhode Island,53764
2005,South Carolina,328004
2005,South Dakota,36825
2005,Tennessee,407217
2005,Texas,1286206
2005,Utah,90473
2005,Vermont,28798
2005,Virginia,393952
2005,Washington,298127
2005,West Virginia,149102
2005,Wisconsin,273327
2005,Wyoming,25022
2005,Puerto Rico,355145
2005,Virgin Islands of the U.S.,6203
2005,Guam,No Data
2006,Alabama,343958
2006,Alaska,27502
2006,Arizona,361510
2006,Arkansas,171320
2006,California,2198866
2006,Colorado,182546
2006,Connecticut,171564
2006,Delaware,52093
2006,District of Columbia,34824
2006,Florida,1172565
2006,Georgia,602646
2006,Hawaii,79560
2006,Idaho,71295
2006,Illinois,777911
2006,Indiana,376432
2006,Iowa,165349
2006,Kansas,150036
2006,Kentucky,317635
2006,Louisiana,307119
2006,Maine,71665
2006,Maryland,331370
2006,Massachusetts,312999
2006,Michigan,685776
2006,Minnesota,223962
2006,Mississippi,235637
2006,Missouri,323661
2006,Montana,45607
2006,Nebraska,97445
2006,Nevada,137311
2006,New Hampshire,74834
2006,New Jersey,492720
2006,New Mexico,104812
2006,New York,1115103
2006,North Carolina,597592
2006,North Dakota,33062
2006,Ohio,583792
2006,Oklahoma,267508
2006,Oregon,186534
2006,Pennsylvania,819428
2006,Rhode Island,62866
2006,South Carolina,310240
2006,South Dakota,37738
2006,Tennessee,485770
2006,Texas,1314157
2006,Utah,97597
2006,Vermont,28954
2006,Virginia,424023
2006,Washington,339733
2006,West Virginia,172723
2006,Wisconsin,263427
2006,Wyoming,25287
2006,Puerto Rico,337795
2006,Virgin Islands of the U.S.,6577
2006,Guam,No Data
2007,Alabama,358917
2007,Alaska,29448
2007,Arizona,381207
2007,Arkansas,197250
2007,California,2071612
2007,Colorado,188986
2007,Connecticut,195709
2007,Delaware,57563
2007,District of Columbia,37147
2007,Florida,1236492
2007,Georgia,699616
2007,Hawaii,75485
2007,Idaho,85126
2007,Illinois,844941
2007,Indiana,395589
2007,Iowa,155333
2007,Kansas,151937
2007,Kentucky,318038
2007,Louisiana,327971
2007,Maine,82332
2007,Maryland,349785
2007,Massachusetts,362150
2007,Michigan,670809
2007,Minnesota,223841
2007,Mississippi,244091
2007,Missouri,357792
2007,Montana,48919
2007,Nebraska,94719
2007,Nevada,149953
2007,New Hampshire,72286
2007,New Jersey,601155
2007,New Mexico,114051
2007,New York,1209052
2007,North Carolina,604925
2007,North Dakota,31453
2007,Ohio,823099
2007,Oklahoma,277113
2007,Oregon,196347
2007,Pennsylvania,836128
2007,Rhode Island,59992
2007,South Carolina,313960
2007,South Dakota,39476
2007,Tennessee,548088
2007,Texas,1739992
2007,Utah,102854
2007,Vermont,34375
2007,Virginia,464942
2007,Washington,343913
2007,West Virginia,156188
2007,Wisconsin,272072
2007,Wyoming,27653
2007,Guam,9660
2007,Puerto Rico,354338
2007,Virgin Islands of the U.S.,6453
2008,Alabama,395058
2008,Alaska,32605
2008,Arizona,368173
2008,Arkansas,203167
2008,California,2367595
2008,Colorado,217976
2008,Connecticut,180867
2008,Delaware,54090
2008,District of Columbia,36503
2008,Florida,1372255
2008,Georgia,699704
2008,Hawaii,81493
2008,Idaho,75976
2008,Illinois,805830
2008,Indiana,444575
2008,Iowa,161154
2008,Kansas,168123
2008,Kentucky,318356
2008,Louisiana,348150
2008,Maine,86307
2008,Maryland,370889
2008,Massachusetts,352975
2008,Michigan,692035
2008,Minnesota,233358
2008,Mississippi,244156
2008,Missouri,410016
2008,Montana,47395
2008,Nebraska,102133
2008,Nevada,166930
2008,New Hampshire,73651
2008,New Jersey,556455
2008,New Mexico,115603
2008,New York,1233231
2008,North Carolina,640694
2008,North Dakota,36847
2008,Ohio,858972
2008,Oklahoma,272755
2008,Oregon,200625
2008,Pennsylvania,843967
2008,Rhode Island,61761
2008,South Carolina,337232
2008,South Dakota,38912
2008,Tennessee,482656
2008,Texas,1669823
2008,Utah,110459
2008,Vermont,31525
2008,Virginia,465389
2008,Washington,343235
2008,West Virginia,170948
2008,Wisconsin,307877
2008,Wyoming,29214
2008,Guam,8231
2008,Puerto Rico,350891
2008,Virgin Islands of the U.S.,7252
2009,Alabama,431459
2009,Alaska,29607
2009,Arizona,407339
2009,Arkansas,218692
2009,California,2550223
2009,Colorado,215598
2009,Connecticut,176551
2009,Delaware,53717
2009,District of Columbia,35306
2009,Florida,1558407
2009,Georgia,689100
2009,Hawaii,84866
2009,Idaho,89273
2009,Illinois,782785
2009,Indiana,448637
2009,Iowa,173067
2009,Kansas,178246
2009,Kentucky,376381
2009,Louisiana,367682
2009,Maine,86784
2009,Maryland,394569
2009,Massachusetts,393882
2009,Michigan,711038
2009,Minnesota,252937
2009,Mississippi,249716
2009,Missouri,357585
2009,Montana,50781
2009,Nebraska,99800
2009,Nevada,153206
2009,New Hampshire,72662
2009,New Jersey,573665
2009,New Mexico,127795
2009,New York,1309923
2009,North Carolina,672074
2009,North Dakota,37058
2009,Ohio,876043
2009,Oklahoma,302549
2009,Oregon,241767
2009,Pennsylvania,869938
2009,Rhode Island,56827
2009,South Carolina,353190
2009,South Dakota,44043
2009,Tennessee,489618
2009,Texas,1649711
2009,Utah,115755
2009,Vermont,30356
2009,Virginia,481315
2009,Washington,386515
2009,West Virginia,176174
2009,Wisconsin,355064
2009,Wyoming,28161
2009,Guam,9565
2009,Puerto Rico,366961
2009,Virgin Islands of the U.S.,5798
2010,Alabama,465778
2010,Alaska,26916
2010,Arizona,444712
2010,Arkansas,209924
2010,California,2423314
2010,Colorado,229338
2010,Connecticut,195138
2010,Delaware,58442
2010,District of Columbia,39592
2010,Florida,1523503
2010,Georgia,708062
2010,Hawaii,82577
2010,Idaho,90587
2010,Illinois,849838
2010,Indiana,472130
2010,Iowa,172948
2010,Kansas,177836
2010,Kentucky,329199
2010,Louisiana,344403
2010,Maine,90221
2010,Maryland,397012
2010,Massachusetts,374432
2010,Michigan,767301
2010,Minnesota,264229
2010,Mississippi,268730
2010,Missouri,422610
2010,Montana,53222
2010,Nebraska,102565
2010,Nevada,164506
2010,New Hampshire,80473
2010,New Jersey,604390
2010,New Mexico,126726
2010,New York,1325799
2010,North Carolina,698669
2010,North Dakota,36990
2010,Ohio,877732
2010,Oklahoma,288756
2010,Oregon,211307
2010,Pennsylvania,997697
2010,Rhode Island,63795
2010,South Carolina,371615
2010,South Dakota,42102
2010,Tennessee,542393
2010,Texas,1739837
2010,Utah,127659
2010,Vermont,33474
2010,Virginia,517022
2010,Washington,386922
2010,West Virginia,166543
2010,Wisconsin,308118
2010,Wyoming,29373
2010,Guam,11528
2010,Puerto Rico,362102
2010,Virgin Islands of the U.S.,6540
2011,Alabama,425909
2011,Alaska,41081
2011,Arizona,448236
2011,Arkansas,244856
2011,California,2219754
2011,Colorado,253168
2011,Connecticut,253770
2011,Delaware,66305
2011,District of Columbia,43862
2011,Florida,1521069
2011,Georgia,725178
2011,Hawaii,87678
2011,Idaho,106612
2011,Illinois,937833
2011,Indiana,495164
2011,Iowa,189062
2011,Kansas,202481
2011,Kentucky,355637
2011,Louisiana,399306
2011,Maine,100752
2011,Maryland,410763
2011,Massachusetts,405661
2011,Michigan,747599
2011,Minnesota,292254
2011,Mississippi,269506
2011,Missouri,463119
2011,Montana,60478
2011,Nebraska,113688
2011,Nevada,206634
2011,New Hampshire,88717
2011,New Jersey,585092
2011,New Mexico,152817
2011,New York,1534508
2011,North Carolina,776610
2011,North Dakota,42390
2011,Ohio,874618
2011,Oklahoma,312900
2011,Oregon,274631
2011,Pennsylvania,932184
2011,Rhode Island,68758
2011,South Carolina,425444
2011,South Dakota,57782
2011,Tennessee,538791
2011,Texas,1855163
2011,Utah,128616
2011,Vermont,38059
2011,Virginia,635060
2011,Washington,456187
2011,West Virginia,175091
2011,Wisconsin,364286
2011,Wyoming,34885
2011,Guam,11181
2011,Puerto Rico,378463
2011,Virgin Islands of the U.S.,No Data
2012,Alabama,447357
2012,Alaska,37410
2012,Arizona,518034
2012,Arkansas,249140
2012,California,2821730
2012,Colorado,290245
2012,Connecticut,251753
2012,Delaware,68077
2012,District of Columbia,42926
2012,Florida,1729052
2012,Georgia,727526
2012,Hawaii,82773
2012,Idaho,96649
2012,Illinois,919758
2012,Indiana,535162
2012,Iowa,224414
2012,Kansas,202504
2012,Kentucky,356559
2012,Louisiana,424182
2012,Maine,101561
2012,Maryland,456050
2012,Massachusetts,432172
2012,Michigan,786565
2012,Minnesota,298424
2012,Mississippi,278183
2012,Missouri,488771
2012,Montana,55964
2012,Nebraska,111739
2012,Nevada,182041
2012,New Hampshire,93834
2012,New Jersey,626592
2012,New Mexico,160741
2012,New York,1460363
2012,North Carolina,773679
2012,North Dakota,46236
2012,Ohio,1019072
2012,Oklahoma,329465
2012,Oregon,298795
2012,Pennsylvania,1012082
2012,Rhode Island,79835
2012,South Carolina,417975
2012,South Dakota,48562
2012,Tennessee,587903
2012,Texas,2028710
2012,Utah,141704
2012,Vermont,36031
2012,Virginia,659995
2012,Washington,462505
2012,West Virginia,190575
2012,Wisconsin,364778
2012,Wyoming,38939
2012,Guam,10132
2012,Puerto Rico,459680
2012,Virgin Islands of the U.S.,No Data
2013,Alabama,514307
2013,Alaska,39001
2013,Arizona,532595
2013,Arkansas,259065
2013,California,2969755
2013,Colorado,260336
2013,Connecticut,233969
2013,Delaware,80123
2013,District of Columbia,41790
2013,Florida,1736908
2013,Georgia,814092
2013,Hawaii,91981
2013,Idaho,98977
2013,Illinois,969566
2013,Indiana,545794
2013,Iowa,220791
2013,Kansas,207955
2013,Kentucky,359001
2013,Louisiana,407009
2013,Maine,102784
2013,Maryland,451013
2013,Massachusetts,452481
2013,Michigan,790176
2013,Minnesota,307608
2013,Mississippi,289050
2013,Missouri,445046
2013,Montana,60592
2013,Nebraska,128750
2013,Nevada,203955
2013,New Hampshire,96499
2013,New Jersey,632785
2013,New Mexico,169256
2013,New York,1625044
2013,North Carolina,860360
2013,North Dakota,49783
2013,Ohio,921012
2013,Oklahoma,320537
2013,Oregon,281477
2013,Pennsylvania,1014880
2013,Rhode Island,77160
2013,South Carolina,460464
2013,South Dakota,57835
2013,Tennessee,614979
2013,Texas,2132645
2013,Utah,143882
2013,Vermont,39122
2013,Virginia,631194
2013,Washington,462703
2013,West Virginia,192017
2013,Wisconsin,364684
2013,Wyoming,38544
2013,Guam,15337
2013,Puerto Rico,418229
2013,Virgin Islands of the U.S.,No Data
2014,Alabama,483458
2014,Alaska,41186
2014,Arizona,510071
2014,Arkansas,288781
2014,California,3035373
2014,Colorado,298301
2014,Connecticut,261240
2014,Delaware,80809
2014,District of Columbia,45809
2014,Florida,1771321
2014,Georgia,880495
2014,Hawaii,108365
2014,Idaho,91799
2014,Illinois,1001070
2014,Indiana,535832
2014,Iowa,225365
2014,Kansas,224860
2014,Kentucky,423646
2014,Louisiana,397294
2014,Maine,101413
2014,Maryland,467041
2014,Massachusetts,518771
2014,Michigan,796253
2014,Minnesota,340638
2014,Mississippi,292662
2014,Missouri,517992
2014,Montana,70294
2014,Nebraska,129627
2014,Nevada,206355
2014,New Hampshire,96862
2014,New Jersey,669861
2014,New Mexico,182120
2014,New York,1554909
2014,North Carolina,828855
2014,North Dakota,50097
2014,Ohio,1048918
2014,Oklahoma,351888
2014,Oregon,277847
2014,Pennsylvania,1130813
2014,Rhode Island,79210
2014,South Carolina,449211
2014,South Dakota,59282
2014,Tennessee,656852
2014,Texas,2178723
2014,Utah,147025
2014,Vermont,39780
2014,Virginia,630137
2014,Washington,485603
2014,West Virginia,207695
2014,Wisconsin,399523
2014,Wyoming,37916
2014,Guam,11413
2014,Puerto Rico,440490
2014,Virgin Islands of the U.S.,No Data
2015,Alabama,506987
2015,Alaska,42248
2015,Arizona,523374
2015,Arkansas,286454
2015,California,3015610
2015,Colorado,283057
2015,Connecticut,262215
2015,Delaware,84887
2015,District of Columbia,47108
2015,Florida,1820768
2015,Georgia,869486
2015,Hawaii,95484
2015,Idaho,99277
2015,Illinois,983639
2015,Indiana,578319
2015,Iowa,211057
2015,Kansas,212576
2015,Kentucky,458381
2015,Louisiana,451323
2015,Maine,106053
2015,Maryland,481643
2015,Massachusetts,482854
2015,Michigan,827478
2015,Minnesota,318958
2015,Mississippi,334024
2015,Missouri,537315
2015,Montana,63609
2015,Nebraska,125521
2015,Nevada,215082
2015,New Hampshire,86504
2015,New Jersey,626811
2015,New Mexico,181592
2015,New York,1529719
2015,North Carolina,829725
2015,North Dakota,51399
2015,Ohio,993030
2015,Oklahoma,345892
2015,Oregon,336939
2015,Pennsylvania,1048651
2015,Rhode Island,76294
2015,South Carolina,450035
2015,South Dakota,60764
2015,Tennessee,644841
2015,Texas,2323220
2015,Utah,146932
2015,Vermont,41707
2015,Virginia,676484
2015,Washington,466005
2015,West Virginia,212274
2015,Wisconsin,374857
2015,Wyoming,37811
2015,Guam,12797
2015,Puerto Rico,459199
2015,Virgin Islands of the U.S.,No Data
2016,Alabama,552753
2016,Alaska,41434
2016,Arizona,571841
2016,Arkansas,307625
2016,California,3088741
2016,Colorado,285147
2016,Connecticut,277912
2016,Delaware,79818
2016,District of Columbia,43014
2016,Florida,1944189
2016,Georgia,948549
2016,Hawaii,118560
2016,Idaho,111490
2016,Illinois,1028608
2016,Indiana,586112
2016,Iowa,224884
2016,Kansas,206760
2016,Kentucky,449044
2016,Louisiana,434272
2016,Maine,113558
2016,Maryland,505926
2016,Massachusetts,506608
2016,Michigan,864882
2016,Minnesota,358093
2016,Mississippi,308295
2016,Missouri,543877
2016,Montana,66284
2016,Nebraska,127091
2016,Nevada,251452
2016,New Hampshire,96662
2016,New Jersey,644988
2016,New Mexico,183978
2016,New York,1633786
2016,North Carolina,886633
2016,North Dakota,51049
2016,Ohio,1003228
2016,Oklahoma,355508
2016,Oregon,306344
2016,Pennsylvania,1144336
2016,Rhode Island,83087
2016,South Carolina,504185
2016,South Dakota,51787
2016,Tennessee,656053
2016,Texas,2333065
2016,Utah,154661
2016,Vermont,42616
2016,Virginia,687972
2016,Washington,530059
2016,West Virginia,218960
2016,Wisconsin,439230
2016,Wyoming,37562
2016,Guam,10686
2016,Puerto Rico,429157
2016,Virgin Islands of the U.S.,10070
US Diabetes Surveillance System; www.cdc.gov/diabetes/data; Division of Diabetes Translation - Centers for Disease Control and Prevention.